Workbook

Sheet How to use
A1: Translation check sheet (dev15, 14 contract passages)
A2: Purpose: measure whether each contract clause was translated WITHOUT loss or change of meaning. This is separate from the final label (Entailment / Contradiction / NotMentioned).
A4: How to fill 'Clause check' (one row per translated clause):
A5: 1. Read column D (the original contract wording, copied exactly) and column E (the translation, read back in plain English).
A6: 2. In the yellow columns F to M choose Y (correct), N (wrong or missing) or NA (does not apply to this clause). Dropdowns are provided.
A7: F Force: obligation / prohibition / permission / definition is right. Watch for 'shall not' vs 'may not' vs 'not required'.
A8: G Actor: the right party does or is bound (Receiving vs Disclosing Party).
A9: H Action: the verb is kept, including every alternative verb (copy, reprint, disseminate...).
A10: I Object and slots: what is acted on, to whom, for what purpose, how, when, where.
A11: J Conditions: every 'if / provided that / upon / in case' is kept, and OR stays OR, AND stays AND.
A12: K Exceptions: every 'except / unless / without / save' is kept and attached to the right clause.
A13: L Nothing lost: no meaning of the original is missing from the translation.
... A24: Source of the data: dev15_a3_results.json (the 14-row development run). Clause text and translations are produced by the pipeline; nothing here was edited.

Sheet Summary
A1: Translation accuracy summary (fills in as you tick)
A3: Dimension | B3: Y | C3: N | D3: Judged (Y+N) | E3: % correct
A4: Force | B4: =COUNTIF('Clause check'!F2:F35,"Y") -> 0 | C4: =COUNTIF('Clause check'!F2:F35,"N") -> 0 | D4: =B4+C4 -> 0 | E4: =IF(D4=0,"",B4/D4)
A5: Actor | B5: =COUNTIF('Clause check'!G2:G35,"Y") -> 0 | C5: =COUNTIF('Clause check'!G2:G35,"N") -> 0 | D5: =B5+C5 -> 0 | E5: =IF(D5=0,"",B5/D5)
A6: Action | B6: =COUNTIF('Clause check'!H2:H35,"Y") -> 0 | C6: =COUNTIF('Clause check'!H2:H35,"N") -> 0 | D6: =B6+C6 -> 0 | E6: =IF(D6=0,"",B6/D6)
A7: Object & slots | B7: =COUNTIF('Clause check'!I2:I35,"Y") -> 0 | C7: =COUNTIF('Clause check'!I2:I35,"N") -> 0 | D7: =B7+C7 -> 0 | E7: =IF(D7=0,"",B7/D7)
A8: Conditions | B8: =COUNTIF('Clause check'!J2:J35,"Y") -> 0 | C8: =COUNTIF('Clause check'!J2:J35,"N") -> 0 | D8: =B8+C8 -> 0 | E8: =IF(D8=0,"",B8/D8)
A9: Exceptions | B9: =COUNTIF('Clause check'!K2:K35,"Y") -> 0 | C9: =COUNTIF('Clause check'!K2:K35,"N") -> 0 | D9: =B9+C9 -> 0 | E9: =IF(D9=0,"",B9/D9)
A10: Nothing lost | B10: =COUNTIF('Clause check'!L2:L35,"Y") -> 0 | C10: =COUNTIF('Clause check'!L2:L35,"N") -> 0 | D10: =B10+C10 -> 0 | E10: =IF(D10=0,"",B10/D10)
A11: Nothing added | B11: =COUNTIF('Clause check'!M2:M35,"Y") -> 0 | C11: =COUNTIF('Clause check'!M2:M35,"N") -> 0 | D11: =B11+C11 -> 0 | E11: =IF(D11=0,"",B11/D11)
A13: Clauses in the sheet | B13: =COUNTA('Clause check'!A2:A35) -> 34
A14: Clauses fully judged | B14: =COUNTIF('Clause check'!N2:N35,"OK")+COUNTIF('Clause check'!N2:N35,"FIX") -> 0
A15: Clauses with every judged box Y/NA (OK) | B15: =COUNTIF('Clause check'!N2:N35,"OK") -> 0
A16: Clause-level translation accuracy | B16: =IF(B14=0,"",B15/B14)
A17: Hypotheses fully judged | B17: =COUNTIF('Hypothesis check'!L2:L15,"OK")+COUNTIF('Hypothesis check'!L2:L15,"FIX") -> 0
A18: Hypotheses translated correctly (OK) | B18: =COUNTIF('Hypothesis check'!L2:L15,"OK") -> 0
A19: Hypothesis translation accuracy | B19: =IF(B17=0,"",B18/B17)
A21: Note: a clause counts as OK only if none of its judged boxes is N. Leave a box blank only while reviewing; blank clauses are not counted.

Sheet Clause check
A1: Row | B1: Clause # | C1: Hypothesis being tested | D1: Original contract wording (exact) | E1: Translation, read back in English | F1: Force | G1: Actor | H1: Action | I1: Object & slots | J1: Conditions | K1: Exceptions | L1: Nothing lost | M1: Nothing added | N1: Result | O1: Reviewer notes | P1: Checker flags (automatic)
A2: ret_1 | B2: 0 | C2: Receiving Party may independently develop information similar to Confidential Information. | D2: Confidential Information does not include information, which is shown by clear and convincing evidence to be (iv) independently developed by the receiving Party | E2: confidential info ("Confidential Information") EXCLUDES: "information, which is shown by clear and convincing evidence to be (iv) independently developed by the receiving Party" [detail: "shown by clear and convincing evidence"] | N2: =IF(COUNTBLANK(F2:M2)>0,"",IF(COUNTIF(F2:M2,"N")=0,"OK","FIX"))
A3: ret_15 | B3: 0 | C3: Receiving Party may share some Confidential Information with some third-parties (including consultants, agents and professional advisors). | D3: ListFusion will not use any 3rd party agents, vendors, or other providers to process the List without the written authorization by Raphael | E3: receiving party ("ListFusion") MUST NOT ("will not use"): use | object: "any 3rd party agents" | purpose: "to process the List" ; use | object: "vendors" | purpose: "to process the List" ; use | object: "other providers" | purpose: "to process the List" -- UNLESS [without the written authorization by Raphael] | N3: =IF(COUNTBLANK(F3:M3)>0,"",IF(COUNTIF(F3:M3,"N")=0,"OK","FIX"))
A4: ret_15 | B4: 1 | C4: Receiving Party may share some Confidential Information with some third-parties (including consultants, agents and professional advisors). | D4: ListFusion will not create, generate, distribute, or convey to any 3rd party a username or password without prior written authorization by Raphael | E4: receiving party ("ListFusion") MUST NOT ("will not create, generate, distribute, or convey"): create | object: "a username or password" | recipient: "to any 3rd party" ; generate | object: "a username or password" | recipient: "to any 3rd party" ; distribute | object: "a username or password" | recipient: "to any 3rd party" ; convey | object: "a username or password" | recipient: "to any 3rd party" -- UNLESS [without prior written authorization by Raphael] | N4: =IF(COUNTBLANK(F4:M4)>0,"",IF(COUNTIF(F4:M4,"N")=0,"OK","FIX"))
A5: ret_22 | B5: 0 | C5: Receiving Party may acquire information similar to Confidential Information from a third party. | D5: the receiving Party shall have no obligations or restrictions with respect to any Proprietary Information which that receiving Party can prove: (c) has been lawfully received from a third party without restrictions or breach of this Agreement | E5: receiving party ("the receiving Party") MAY ("shall have no obligations or restrictions with respect to"): handle | object: "any Proprietary Information" -- ONLY IF ([which that receiving Party can prove] AND [has been lawfully received from a third party] AND [without restrictions] AND [without breach of this Agreement]) -- UNLESS [Except as aforementioned] | N5: =IF(COUNTBLANK(F5:M5)>0,"",IF(COUNTIF(F5:M5,"N")=0,"OK","FIX")) | P5: ungrounded_slot: handle; modality_mismatch: permission, but wording says 'shall'
A6: ret_28 | B6: 0 | C6: Confidential Information may include verbally conveyed information. | D6: The Receiving Party agrees to treat all information provided by the Providing Party in connection with the Business Under Discussion to the Receiving Partner and/or any of its partners, directors, officers, employees, affiliates, insurers, agents, advisors or auditors (the "Representatives"), regardless of the manner in which it is so furnished, together with any analyses, compilations, data, studies or other documents or records, whether of an oral, written or electronically retrievable nature (collectively the "Information"), as strictly confidential | E6: receiving party ("the Receiving Party") MUST ("agrees to"): treat | object: "all information provided by the Providing Party in connection with the Business Under Discussion to the Receiving Partner and/or any of its partners, directors, officers, employees, affiliates, insurers, agents, advisors or auditors (the "Representatives"), regardless of the manner in which it is so furnished, together with any analyses, compilations, data, studies or other documents or records, whether of an oral, written or electronically retrievable nature (collectively the "Information")" | manner: "as strictly confidential" [definition: "collectively the "Information""] | N6: =IF(COUNTBLANK(F6:M6)>0,"",IF(COUNTIF(F6:M6,"N")=0,"OK","FIX")) | P6: statement_incomplete: words of this statement's own quote that none of its fields carry: receiving par; inferred_statement: meaning is implied rather than stated; a human should confirm
A7: ret_28 | B7: 1 | C7: Confidential Information may include verbally conveyed information. | D7: all information provided by the Providing Party in connection with the Business Under Discussion to the Receiving Partner and/or any of its partners, directors, officers, employees, affiliates, insurers, agents, advisors or auditors (the "Representatives"), regardless of the manner in which it is so furnished, together with any analyses, compilations, data, studies or other documents or records, whether of an oral, written or electronically retrievable nature (collectively the "Information") | E7: confidential info ("the "Information"") INCLUDES: "all information provided by the Providing Party in connection with the Business Under Discussion", "any analyses, compilations, data, studies or other documents or records" [scope: "regardless of the manner in which it is so furnished"; scope: "whether of an oral, written or electronically retrievable nature"] | N7: =IF(COUNTBLANK(F7:M7)>0,"",IF(COUNTIF(F7:M7,"N")=0,"OK","FIX"))
A8: ret_32 | B8: 0 | C8: Receiving Party may share some Confidential Information with some third-parties (including consultants, agents and professional advisors). | D8: Receiving Party shall carefully restrict access to Confidential Information to employees, contractors and third parties as is reasonably required | E8: receiving party ("Receiving Party") MUST ("shall"): restrict | object: "access to Confidential Information" | recipient: "employees, contractors and third parties" | manner: "carefully" -- ONLY IF [as is reasonably required] | N8: =IF(COUNTBLANK(F8:M8)>0,"",IF(COUNTIF(F8:M8,"N")=0,"OK","FIX"))
A9: ret_32 | B9: 1 | C9: Receiving Party may share some Confidential Information with some third-parties (including consultants, agents and professional advisors). | D9: shall require those persons to sign nondisclosure restrictions at least as protective as those in this Agreement | E9: receiving party ("Receiving Party") MUST ("shall require"): require | object: "those persons to sign nondisclosure restrictions" | manner: "at least as protective as those in this Agreement" | N9: =IF(COUNTBLANK(F9:M9)>0,"",IF(COUNTIF(F9:M9,"N")=0,"OK","FIX"))
A10: ret_37 | B10: 0 | C10: Receiving Party may acquire information similar to Confidential Information from a third party. | D10: The definition of Information shall not include information that: (d) is or has been lawfully disclosed by a third Party to the Receiving Party without an obligation of confidentiality | E10: confidential info ("Information") EXCLUDES: "information that: (d) is or has been lawfully disclosed by a third Party to the Receiving Party without an obligation of confidentiality" [detail: "definition"] | N10: =IF(COUNTBLANK(F10:M10)>0,"",IF(COUNTIF(F10:M10,"N")=0,"OK","FIX")) | P10: statement_incomplete: words of this statement's own quote that none of its fields carry: third party; inferred_statement: meaning is implied rather than stated; a human should confirm; verifier_added: Receiving Party MAY disclose -- The passage does not state that the Receiving Pa
A11: ret_37 | B11: 1 | C11: Receiving Party may acquire information similar to Confidential Information from a third party. | D11: is or has been lawfully disclosed by a third Party to the Receiving Party without an obligation of confidentiality | E11: receiving party ("Receiving Party") MAY ("is or has been lawfully disclosed"): receive ("disclosed") | object: "information" | source: "a third Party" -- UNLESS [without an obligation of confidentiality] | N11: =IF(COUNTBLANK(F11:M11)>0,"",IF(COUNTIF(F11:M11,"N")=0,"OK","FIX"))
A12: ret_37 | B12: 2 | C12: Receiving Party may acquire information similar to Confidential Information from a third party. | D12: is or has been lawfully disclosed by a third Party to the Receiving Party without an obligation of confidentiality | E12: receiving party ("Receiving Party") MAY ("is or has been lawfully disclosed"): disclose ("disclosed") | object: "information" | recipient: "Receiving Party" -- UNLESS [without an obligation of confidentiality] | N12: =IF(COUNTBLANK(F12:M12)>0,"",IF(COUNTIF(F12:M12,"N")=0,"OK","FIX"))
A13: ret_41 | B13: 0 | C13: Receiving Party may retain some Confidential Information even after the return or destruction of Confidential Information. | D13: Immediately upon the written request by the Disclosing Party at any time, the Receiving Party will return to the Disclosing Party all Proprietary Information and all documents or media containing any such Proprietary Information and any and all copies or extracts thereof | E13: receiving party ("the Receiving Party") MUST ("will"): return | object: "all Proprietary Information" | recipient: "to the Disclosing Party" | time: "Immediately upon the written request by the Disclosing Party at any time" ; return | object: "all documents or media containing any such Proprietary Information" | recipient: "to the Disclosing Party" | time: "Immediately upon the written request by the Disclosing Party at any time" ; return | object: "any and all copies or extracts thereof" | recipient: "to the Disclosing Party" | time: "Immediately upon the written request by the Disclosing Party at any time" -- UNLESS [save that where such Proprietary Information is a form incapable of return] OR [or has been copied or transcribed into another document] | N13: =IF(COUNTBLANK(F13:M13)>0,"",IF(COUNTIF(F13:M13,"N")=0,"OK","FIX")) | P13: statement_incomplete: words of this statement's own quote that none of its fields carry: appropriate; unrepresented_words: content words not in any slot: appropriate
A14: ret_41 | B14: 1 | C14: Receiving Party may retain some Confidential Information even after the return or destruction of Confidential Information. | D14: it shall be destroyed or erased, as appropriate | E14: receiving party ("the Receiving Party") MUST ("shall"): destroy ("destroyed") | object: "it" ; erase ("erased") | object: "it" -- UNLESS [save that where such Proprietary Information is a form incapable of return] OR [or has been copied or transcribed into another document] | N14: =IF(COUNTBLANK(F14:M14)>0,"",IF(COUNTIF(F14:M14,"N")=0,"OK","FIX"))
A15: ret_56 | B15: 0 | C15: Receiving Party may independently develop information similar to Confidential Information. | D15: Neither party shall be required to keep confidential any information which is, or becomes, publicly available | E15: both parties ("Neither party") MAY ("shall be required to"): keep | object: "any information which is, or becomes, publicly available" | manner: "confidential" | N15: =IF(COUNTBLANK(F15:M15)>0,"",IF(COUNTIF(F15:M15,"N")=0,"OK","FIX")) | P15: inferred_statement: meaning is implied rather than stated; a human should confirm
A16: ret_56 | B16: 1 | C16: Receiving Party may independently develop information similar to Confidential Information. | D16: Neither party shall be required to keep confidential any information which ... is independently developed by either party outside the scope of this agreement | E16: both parties ("Neither party") MAY ("shall be required to"): keep | object: "any information which ... is independently developed by either party outside the scope of this agreement" | manner: "confidential" | N16: =IF(COUNTBLANK(F16:M16)>0,"",IF(COUNTIF(F16:M16,"N")=0,"OK","FIX"))
A17: ret_56 | B17: 2 | C17: Receiving Party may independently develop information similar to Confidential Information. | D17: Neither party shall be required to keep confidential any information which ... is rightfully obtained from third parties | E17: both parties ("Neither party") MAY ("shall be required to"): keep | object: "any information which ... is rightfully obtained from third parties" | manner: "confidential" | N17: =IF(COUNTBLANK(F17:M17)>0,"",IF(COUNTIF(F17:M17,"N")=0,"OK","FIX"))
A18: ret_56 | B18: 3 | C18: Receiving Party may independently develop information similar to Confidential Information. | D18: is independently developed by either party outside the scope of this agreement | E18: both parties ("either party") MAY ("is independently developed"): develop ("developed") | object: "information" | manner: "independently" | place: "outside the scope of this agreement" | N18: =IF(COUNTBLANK(F18:M18)>0,"",IF(COUNTIF(F18:M18,"N")=0,"OK","FIX"))
A19: ret_56 | B19: 4 | C19: Receiving Party may independently develop information similar to Confidential Information. | D19: is rightfully obtained from third parties | E19: both parties ("either party") MAY ("is rightfully obtained"): obtain ("obtained") | object: "information" | source: "from third parties" | N19: =IF(COUNTBLANK(F19:M19)>0,"",IF(COUNTIF(F19:M19,"N")=0,"OK","FIX"))
A20: ret_3 | B20: 0 | C20: Confidential Information shall only include technical information. | D20: The Parties acknowledge that each owns certain CONFIDENTIAL INFORMATION | E20: both parties ("The Parties") STATES ("acknowledge"): own ("owns") | object: "certain CONFIDENTIAL INFORMATION" | N20: =IF(COUNTBLANK(F20:M20)>0,"",IF(COUNTIF(F20:M20,"N")=0,"OK","FIX")) | P20: statement_incomplete: words of this statement's own quote that none of its fields carry: used agreemen; unrepresented_words: content words not in any slot: used agreement
A21: ret_3 | B21: 1 | C21: Confidential Information shall only include technical information. | D21: CONFIDENTIAL INFORMATION, as defined herein, which might relate to the inventions, conceptions, ideas, know-how, discoveries, processes, machines, manufactures, compositions of matter, formulations, processes, biological material, biological methods, or any improvements thereof, whether or not patentable or suitable for other form of exclusive right or legal protection, conceived, made or derived during the course of Work within the Project under this JRA | E21: confidential info ("CONFIDENTIAL INFORMATION") INCLUDES: "inventions", "conceptions", "ideas", "know-how", "discoveries", "processes", "machines", "manufactures", "compositions of matter", "formulations", "biological material", "biological methods", "any improvements thereof" [definition: "whether or not patentable or suitable for other form of exclusive right or legal protection"; scope: "conceived, made or derived during the course of Work within the Project under this JRA"] -- ONLY IF [might relate to the inventions, conceptions, ideas, know-how, discoveries, processes, machines, manufactures, compositions of matter, formulations, processes, biological material, biological methods, or any improvements thereof] | N21: =IF(COUNTBLANK(F21:M21)>0,"",IF(COUNTIF(F21:M21,"N")=0,"OK","FIX"))
A22: ret_3 | B22: 2 | C22: Confidential Information shall only include technical information. | D22: "CONFIDENTIAL INFORMATION" as used in this Agreement means all technical or business information disclosed by one of the Parties to another pursuant to the JRA that is identified at the time of disclosure or within thirty (30) days thereafter as being confidential and proprietary | E22: confidential info ("CONFIDENTIAL INFORMATION") INCLUDES (exhaustive): "all technical or business information" [scope: "disclosed by one of the Parties to another pursuant to the JRA"; definition: "that is identified at the time of disclosure or within thirty (30) days thereafter as being confidential and proprietary"] | N22: =IF(COUNTBLANK(F22:M22)>0,"",IF(COUNTIF(F22:M22,"N")=0,"OK","FIX"))
A23: ret_7 | B23: 0 | C23: Confidential Information shall only include technical information. | D23: The term "Confidential Information" as used herein means all trade secrets or confidential or proprietary information of either party, whether or not marked "Confidential", whether in written or oral form, relating to such party's business or technology, including without limitation, its products, customer data, development and marketing plans, and financial information | E23: confidential info ("Confidential Information") INCLUDES: "all trade secrets", "confidential or proprietary information of either party", "products", "customer data", "development and marketing plans", "financial information" [definition: "The term "Confidential Information" as used herein"; scope: "whether or not marked "Confidential", whether in written or oral form, relating to such party's business or technology, including without limitation"] | N23: =IF(COUNTBLANK(F23:M23)>0,"",IF(COUNTIF(F23:M23,"N")=0,"OK","FIX"))
A24: ret_16 | B24: 0 | C24: Confidential Information shall only include technical information. | D24: "Confidential Information" includes, but is not limited to prototypes, trade secrets, intellectual property, information, technical data, research, products, software, services, development, macros, source code, unreleased software, inventions, ideas, processes, designs, drawings, engineering, marketing, markets, customer information, business plans, business policies or practices, forecasts or financial information, team process, design process, part supply, pricing, development process and procedures, disclosed by Party One and Party Two under this Agreement which at the time of disclosure is designated as confidential (or like designation), is disclosed in circumstances of confidence, or would be understood by the parties, exercising reasonable business judgment, to be confidential | E24: confidential info ("Confidential Information") INCLUDES: "prototypes", "trade secrets", "intellectual property", "information", "technical data", "research", "products", "software", "services", "development", "macros", "source code", "unreleased software", "inventions", "ideas", "processes", "designs", "drawings", "engineering", "marketing", "markets", "customer information", "business plans", "business policies or practices", "forecasts or financial information", "team process", "design process", "part supply", "pricing", "development process and procedures" -- ONLY IF ([at the time of disclosure is designated as confidential (or like designation)] OR [is disclosed in circumstances of confidence] OR [would be understood by the parties, exercising reasonable business judgment, to be confidential]) | N24: =IF(COUNTBLANK(F24:M24)>0,"",IF(COUNTIF(F24:M24,"N")=0,"OK","FIX")) | P24: ungrounded_slot: ConfidentialBusinessInformation; statement_incomplete: words of this statement's own quote that none of its fields carry: confidential ; unrepresented_words: content words not in any slot: confidential business information party two inclu
A25: ret_16 | B25: 1 | C25: Confidential Information shall only include technical information. | D25: The confidential business information which is to be provided by Party One to Party Two is the sole property of Party One, including but not limited to; financial information, printed material, marketing brochures and literature, photographs, videos, plans, methods, policies and strategies; insofar as the same are and remain confidential business information of Party One not generally known or available to the public | E25: disclosing party ("Party One") STATES ("is the sole property of"): provide | object: "ConfidentialBusinessInformation" -- ONLY IF ([remain confidential business information of Party One] AND [not generally known or available to the public]) | N25: =IF(COUNTBLANK(F25:M25)>0,"",IF(COUNTIF(F25:M25,"N")=0,"OK","FIX"))
A26: ret_5 | B26: 0 | C26: Receiving Party shall notify Disclosing Party in case Receiving Party is required by law, regulation or judicial process to disclose any Confidential Information. | D26: The obligations in Clause 5.1 shall not apply for Confidential Information that: 5.2.4. is required to be disclosed by law, regulation or any competent governmental, judicial or regulatory authority, or by a recognized stock exchange, or in response to a request from a regulatory body with a supervisory role over Recipient or any of its Affiliates | E26: receiving party ("Recipient") MAY ("shall not apply for"): disclose ("disclosed") | object: "Confidential Information" | source: "law, regulation or any competent governmental, judicial or regulatory authority, or by a recognized stock exchange, or in response to a request from a regulatory body with a supervisory role over Recipient or any of its Affiliates" -- ONLY IF [The obligations in Clause 5.1] | N26: =IF(COUNTBLANK(F26:M26)>0,"",IF(COUNTIF(F26:M26,"N")=0,"OK","FIX")) | P26: statement_incomplete: words of this statement's own quote that none of its fields carry: required; unrepresented_words: content words not in any slot: case representative case
A27: ret_5 | B27: 1 | C27: Receiving Party shall notify Disclosing Party in case Receiving Party is required by law, regulation or judicial process to disclose any Confidential Information. | D27: is required to be disclosed by law, regulation or any competent governmental, judicial or regulatory authority, or by a recognized stock exchange, or in response to a request from a regulatory body with a supervisory role over Recipient or any of its Affiliates | E27: receiving party ("Recipient") STATES ("is required to be disclosed"): disclose ("disclosed") | object: "Confidential Information" | source: "law, regulation or any competent governmental, judicial or regulatory authority, or by a recognized stock exchange, or in response to a request from a regulatory body with a supervisory role over Recipient or any of its Affiliates" | N27: =IF(COUNTBLANK(F27:M27)>0,"",IF(COUNTIF(F27:M27,"N")=0,"OK","FIX"))
A28: ret_5 | B28: 2 | C28: Receiving Party shall notify Disclosing Party in case Receiving Party is required by law, regulation or judicial process to disclose any Confidential Information. | D28: Recipient will (or, if Recipient's Representative is subject to the disclosure obligation, Recipient will procure that such Representative will), in each case to the extent permitted by law, regulation or the relevant authority: a) inform Discloser of the circumstances of the disclosure and the information that will be disclosed as soon as reasonably practicable | E28: receiving party ("Recipient") MUST ("will"): inform | object: "Discloser of the circumstances of the disclosure and the information that will be disclosed" | time: "as soon as reasonably practicable" -- ONLY IF [to the extent permitted by law, regulation or the relevant authority] | N28: =IF(COUNTBLANK(F28:M28)>0,"",IF(COUNTIF(F28:M28,"N")=0,"OK","FIX"))
A29: ret_5 | B29: 3 | C29: Receiving Party shall notify Disclosing Party in case Receiving Party is required by law, regulation or judicial process to disclose any Confidential Information. | D29: if Recipient's Representative is subject to the disclosure obligation, Recipient will procure that such Representative will | E29: receiving party ("Recipient") MUST ("will procure that"): inform | object: "Discloser of the circumstances of the disclosure and the information that will be disclosed" | time: "as soon as reasonably practicable" -- ONLY IF [if Recipient's Representative is subject to the disclosure obligation] AND [to the extent permitted by law, regulation or the relevant authority] | N29: =IF(COUNTBLANK(F29:M29)>0,"",IF(COUNTIF(F29:M29,"N")=0,"OK","FIX"))
A30: ret_8 | B30: 0 | C30: Receiving Party may acquire information similar to Confidential Information from a third party. | D30: Receiver may disclose Confidential Information if the same: (d) becomes known to Receiver on a non-confidential basis from a source other than VIDAR without breach of this Agreement by Receiver | E30: receiving party ("Receiver") MAY ("may disclose"): disclose | object: "Confidential Information" -- ONLY IF ([becomes known to Receiver] AND [on a non-confidential basis] AND [from a source other than VIDAR] AND [without breach of this Agreement by Receiver]) | N30: =IF(COUNTBLANK(F30:M30)>0,"",IF(COUNTIF(F30:M30,"N")=0,"OK","FIX")) | P30: ungrounded_ignored: (d); inferred_statement: meaning is implied rather than stated; a human should confirm
A31: ret_8 | B31: 1 | C31: Receiving Party may acquire information similar to Confidential Information from a third party. | D31: becomes known to Receiver on a non-confidential basis from a source other than VIDAR without breach of this Agreement by Receiver | E31: receiving party ("Receiver") MAY ("becomes known to Receiver"): know ("becomes known") | object: "Confidential Information" | source: "from a source other than VIDAR" | manner: "on a non-confidential basis" -- ONLY IF [without breach of this Agreement by Receiver] | N31: =IF(COUNTBLANK(F31:M31)>0,"",IF(COUNTIF(F31:M31,"N")=0,"OK","FIX"))
A32: ret_11 | B32: 0 | C32: Receiving Party shall not use any Confidential Information for any purpose other than the purposes stated in Agreement. | D32: The data provided to MDHHS will be used only for purposes of the Michigan Trauma Registry, consistent with Part 209 of the Public Health Code and the Michigan Administrative Code R 325.125 through 325.138 | E32: receiving party ("MDHHS") MUST NOT ("only for purposes of"): use ("used") | object: "the data provided" | purpose: "purposes of the Michigan Trauma Registry" [scope: "consistent with Part 209 of the Public Health Code and the Michigan Administrative Code R 325.125 through 325.138"] | N32: =IF(COUNTBLANK(F32:M32)>0,"",IF(COUNTIF(F32:M32,"N")=0,"OK","FIX")) | P32: statement_incomplete: words of this statement's own quote that none of its fields carry: will; unrepresented_words: content words not in any slot: will; inferred_statement: meaning is implied rather than stated; a human should confirm
A33: ret_11 | B33: 1 | C33: Receiving Party shall not use any Confidential Information for any purpose other than the purposes stated in Agreement. | D33: Use and disclose the data only in accordance with this Agreement, or as otherwise authorized by law | E33: receiving party MUST NOT ("only in accordance with"): use | object: "the data" ; disclose | object: "the data" [agreement: "this Agreement"] -- UNLESS [as otherwise authorized by law] | N33: =IF(COUNTBLANK(F33:M33)>0,"",IF(COUNTIF(F33:M33,"N")=0,"OK","FIX"))
A34: ret_11 | B34: 2 | C34: Receiving Party shall not use any Confidential Information for any purpose other than the purposes stated in Agreement. | D34: Use appropriate safeguards to prevent the use or disclosure of the information other than as provided by this Agreement | E34: receiving party MUST ("Use"): use | object: "appropriate safeguards" | purpose: "to prevent the use or disclosure of the information other than as provided by this Agreement" | N34: =IF(COUNTBLANK(F34:M34)>0,"",IF(COUNTIF(F34:M34,"N")=0,"OK","FIX"))
A35: ret_11 | B35: 3 | C35: Receiving Party shall not use any Confidential Information for any purpose other than the purposes stated in Agreement. | D35: Use appropriate safeguards to prevent the use or disclosure of the information other than as provided by this Agreement | E35: receiving party MUST NOT ("prevent the use or disclosure of the information other than as provided by this Agreement"): use | object: "the information" ; disclose ("disclosure") | object: "the information" -- UNLESS [as provided by this Agreement] | N35: =IF(COUNTBLANK(F35:M35)>0,"",IF(COUNTIF(F35:M35,"N")=0,"OK","FIX"))

Sheet Hypothesis check
A1: Row | B1: Hypothesis (exact, from the dataset) | C1: Hypothesis translated, read back in English | D1: Narsese question sent to ONA | E1: Force | F1: Actor | G1: Action | H1: Object & slots | I1: Conditions | J1: Nothing lost | K1: Nothing added | L1: Result | M1: Reviewer notes
A2: ret_1 | B2: Receiving Party may independently develop information similar to Confidential Information. | C2: receiving party ("Receiving Party") MAY ("may"): develop | object: "information similar to Confidential Information" | manner: "independently" | D2: <(*, (*, ReceivingParty, develop), (*, object_InformationSimilarConfidentialInformation, manner_Independently)) --> Permitted>? | L2: =IF(COUNTBLANK(E2:K2)>0,"",IF(COUNTIF(E2:K2,"N")=0,"OK","FIX"))
A3: ret_15 | B3: Receiving Party may share some Confidential Information with some third-parties (including consultants, agents and professional advisors). | C3: receiving party ("Receiving Party") MAY ("may"): share | object: "some Confidential Information" | recipient: "some third-parties (including consultants, agents and professional advisors)" | D3: <(*, (*, ReceivingParty, share), (*, object_SomeConfidentialInformation, recipient_ThirdParties)) --> Permitted>? | L3: =IF(COUNTBLANK(E3:K3)>0,"",IF(COUNTIF(E3:K3,"N")=0,"OK","FIX"))
A4: ret_22 | B4: Receiving Party may acquire information similar to Confidential Information from a third party. | C4: receiving party ("Receiving Party") MAY ("may"): acquire | object: "information similar to Confidential Information" | source: "from a third party" | D4: <(*, (*, ReceivingParty, acquire), (*, object_InformationSimilarConfidentialInformation, source_ThirdParty)) --> Permitted>? | L4: =IF(COUNTBLANK(E4:K4)>0,"",IF(COUNTIF(E4:K4,"N")=0,"OK","FIX"))
A5: ret_28 | B5: Confidential Information may include verbally conveyed information. | C5: confidential info ("Confidential Information") INCLUDES: "verbally conveyed information" | D5: <(*, ConfidentialInfo, item_VerballyConveyedInformation) --> Includes>? | L5: =IF(COUNTBLANK(E5:K5)>0,"",IF(COUNTIF(E5:K5,"N")=0,"OK","FIX"))
A6: ret_32 | B6: Receiving Party may share some Confidential Information with some third-parties (including consultants, agents and professional advisors). | C6: receiving party ("Receiving Party") MAY ("may"): share | object: "some Confidential Information" | recipient: "some third-parties (including consultants, agents and professional advisors)" | D6: <(*, (*, ReceivingParty, share), (*, object_SomeConfidentialInformation, recipient_ThirdParties)) --> Permitted>? | L6: =IF(COUNTBLANK(E6:K6)>0,"",IF(COUNTIF(E6:K6,"N")=0,"OK","FIX"))
A7: ret_37 | B7: Receiving Party may acquire information similar to Confidential Information from a third party. | C7: receiving party ("Receiving Party") MAY ("may"): acquire | object: "information similar to Confidential Information" | source: "from a third party" | D7: <(*, (*, ReceivingParty, acquire), (*, object_InformationSimilarConfidentialInformation, source_ThirdParty)) --> Permitted>? | L7: =IF(COUNTBLANK(E7:K7)>0,"",IF(COUNTIF(E7:K7,"N")=0,"OK","FIX"))
A8: ret_41 | B8: Receiving Party may retain some Confidential Information even after the return or destruction of Confidential Information. | C8: receiving party ("Receiving Party") MAY ("may"): retain | object: "some Confidential Information" | time: "even after the return or destruction of Confidential Information" | D8: <(*, (*, ReceivingParty, retain), (*, object_SomeConfidentialInformation, time_AfterReturnOrDestruction)) --> Permitted>? | L8: =IF(COUNTBLANK(E8:K8)>0,"",IF(COUNTIF(E8:K8,"N")=0,"OK","FIX"))
A9: ret_56 | B9: Receiving Party may independently develop information similar to Confidential Information. | C9: receiving party ("Receiving Party") MAY ("may"): develop | object: "information similar to Confidential Information" | manner: "independently" | D9: <(*, (*, ReceivingParty, develop), (*, object_InformationSimilarConfidentialInformation, manner_Independently)) --> Permitted>? | L9: =IF(COUNTBLANK(E9:K9)>0,"",IF(COUNTIF(E9:K9,"N")=0,"OK","FIX"))
A10: ret_3 | B10: Confidential Information shall only include technical information. | C10: confidential info ("Confidential Information") INCLUDES (exhaustive): "technical information" | D10: <(*, ConfidentialInfo, item_TechnicalInformation) --> OnlyIncludes>? | L10: =IF(COUNTBLANK(E10:K10)>0,"",IF(COUNTIF(E10:K10,"N")=0,"OK","FIX"))
A11: ret_7 | B11: Confidential Information shall only include technical information. | C11: confidential info ("Confidential Information") INCLUDES (exhaustive): "technical information" | D11: <(*, ConfidentialInfo, item_TechnicalInformation) --> OnlyIncludes>? | L11: =IF(COUNTBLANK(E11:K11)>0,"",IF(COUNTIF(E11:K11,"N")=0,"OK","FIX"))
A12: ret_16 | B12: Confidential Information shall only include technical information. | C12: confidential info ("Confidential Information") INCLUDES (exhaustive): "technical information" | D12: <(*, ConfidentialInfo, item_TechnicalInformation) --> OnlyIncludes>? | L12: =IF(COUNTBLANK(E12:K12)>0,"",IF(COUNTIF(E12:K12,"N")=0,"OK","FIX"))
A13: ret_5 | B13: Receiving Party shall notify Disclosing Party in case Receiving Party is required by law, regulation or judicial process to disclose any Confidential Information. | C13: receiving party ("Receiving Party") MUST ("shall"): notify | object: "Disclosing Party" -- ONLY IF ([Receiving Party is required by law] OR [Receiving Party is required by regulation] OR [Receiving Party is required by judicial process]) | D13: <(*, (*, ReceivingParty, notify), (*, object_DisclosingParty, <ReceivingParty_whenOrRequiredByLawRequiredByReguRequiredByJudi --> Holds>)) --> Obligated>? | L13: =IF(COUNTBLANK(E13:K13)>0,"",IF(COUNTIF(E13:K13,"N")=0,"OK","FIX"))
... A15: ret_11 | B15: Receiving Party shall not use any Confidential Information for any purpose other than the purposes stated in Agreement. | C15: receiving party ("Receiving Party") MUST NOT ("shall not"): use | object: "any Confidential Information" | purpose: "for any purpose" -- UNLESS [other than the purposes stated in Agreement] | D15: <(*, (*, ReceivingParty, use), (*, object_ConfidentialInformation, purpose_Purpose)) --> Prohibited>? | L15: =IF(COUNTBLANK(E15:K15)>0,"",IF(COUNTIF(E15:K15,"N")=0,"OK","FIX"))
